{"total_step": 8000, "sum_reward": 324.00120045938894, "rollout_length": 1, "_timestamp": 1691247498.759612, "_runtime": 23708.880971193314, "_step": 7, "_wandb": {"runtime": 23838}}