{"total_step": 4000, "sum_reward": -0.4827574554050056, "rollout_length": 1, "_timestamp": 1691220315.3085022, "_runtime": 5224.156048297882, "_step": 3}