{"total_step": 5000, "sum_reward": 212.2537579328938, "rollout_length": 1, "_timestamp": 1691221884.8365064, "_runtime": 6225.1272094249725, "_step": 4}