{"total_step": 7000, "sum_reward": 347.7502481917708, "rollout_length": 1, "_timestamp": 1691245126.5068886, "_runtime": 21239.464518547058, "_step": 6, "_wandb": {"runtime": 23748}}