{"total_step": 4000, "sum_reward": 1000.9029025773018, "rollout_length": 1, "_timestamp": 1691221439.9596684, "_runtime": 5647.1491413116455, "_step": 3}