{"total_step": 8000, "sum_reward": 324.9042055262113, "rollout_length": 1, "_timestamp": 1691246817.5846438, "_runtime": 22971.133964776993, "_step": 7, "_wandb": {"runtime": 23785}}